{
  "version": 1,
  "author": "Les Pounder",
  "editor": "wokwi",
  "parts": [
    {
      "type": "wokwi-pi-pico",
      "id": "pico",
      "top": 6.45,
      "left": -92.4,
      "attrs": { "env": "micropython-20231227-v1.22.0" }
    },
    { "type": "wokwi-pir-motion-sensor", "id": "pir1", "top": -82.4, "left": 50.22, "attrs": {} },
    { "type": "wokwi-servo", "id": "servo1", "top": 84.4, "left": 124.8, "attrs": {} }
  ],
  "connections": [
    [ "pico:VBUS", "pir1:VCC", "red", [ "h0" ] ],
    [ "pico:GND.8", "pir1:GND", "black", [ "h0" ] ],
    [ "pico:GP17", "pir1:OUT", "gold", [ "h0" ] ],
    [ "pico:3V3", "servo1:V+", "red", [ "h126", "v86.3" ] ],
    [ "pico:GND.6", "servo1:GND", "#8f4814", [ "h0" ] ],
    [ "pico:GP16", "servo1:PWM", "orange", [ "h68.4", "v-48.2" ] ]
  ],
  "dependencies": {}
}